Title,Content,Price
Greed Island 1,Greed Island is a famous video game in the world,1000
Greed Island 2,Greed Island is a famous video game in the world,2000
Greed Island 3,Greed Island is a famous video game in the world,200
Greed Island 4,Greed Island is a famous video game in the world,100
Greed Island 5,Greed Island is a famous video game in the world,500
Greed Island 6,Greed Island is a famous video game in the world,450
Greed Island 7,Greed Island is a famous video game in the world,125
Greed Island 8,Greed Island is a famous video game in the world,900
Greed Island 9,Greed Island is a famous video game in the world,500
Greed Island 10,Greed Island is a famous video game in the world,455
Greed Island 11,Greed Island is a famous video game in the world,100
Greed Island 12,Greed Island is a famous video game in the world,155
